{
  "cloud_object_storage_apikey": "ZGdKSCVCuVEtsqDh2EM0UBToH_-8KaXQKyVVQfm2ja2z",
  "cloud_object_storage_endpoints": "https://control.cloud-object-storage.cloud.ibm.com/v2/endpoints",
  "cloud_object_storage_iam_apikey_description": "Auto-generated for key 09ada550-ebb6-41f9-b633-568b878a7b44",
  "cloud_object_storage_iam_apikey_name": "a02eec8b-6bba-4785-81c9-c389de5bb23e",
  "cloud_object_storage_iam_role_crn": "crn:v1:bluemix:public:iam::::serviceRole:Writer",
  "cloud_object_storage_iam_serviceid_crn": "crn:v1:bluemix:public:iam-identity::a/867b3fe120ac4b29b81767d5b0554b7e::serviceid:ServiceId-66bb14a1-d7f2-437f-864d-55832b752879",
  "cloud_object_storage_resource_instance_id": "crn:v1:bluemix:public:cloud-object-storage:global:a/867b3fe120ac4b29b81767d5b0554b7e:86ef1510-3b21-41ed-bd17-4fa658f1c2d6::",
  "appid_apikey": "s4rn_dAj30-KUCFpAg4W9LiXYO6Z8aoXQLBgiZ5ikr4S",
  "appid_appidServiceEndpoint": "https://us-east.appid.cloud.ibm.com",
  "appid_clientId": "38cbd8aa-b6c5-46f2-883c-5a3127802b09",
  "appid_discoveryEndpoint": "https://us-east.appid.cloud.ibm.com/oauth/v4/da998f5e-c235-45e5-8d9d-692bf806bd3f/.well-known/openid-configuration",
  "appid_iam_apikey_description": "Auto-generated for key 38cbd8aa-b6c5-46f2-883c-5a3127802b09",
  "appid_iam_apikey_name": "a02eec8b-6bba-4785-81c9-c389de5bb23e",
  "appid_iam_role_crn": "crn:v1:bluemix:public:iam::::serviceRole:Writer",
  "appid_iam_serviceid_crn": "crn:v1:bluemix:public:iam-identity::a/867b3fe120ac4b29b81767d5b0554b7e::serviceid:ServiceId-b30b382f-df44-4460-beaa-6fa7fbe8cfa0",
  "appid_managementUrl": "https://us-east.appid.cloud.ibm.com/management/v4/da998f5e-c235-45e5-8d9d-692bf806bd3f",
  "appid_oauthServerUrl": "https://us-east.appid.cloud.ibm.com/oauth/v4/da998f5e-c235-45e5-8d9d-692bf806bd3f",
  "appid_profilesUrl": "https://us-east.appid.cloud.ibm.com",
  "appid_secret": "NmJmZTk2YWMtZTczZi00Zjk3LTljYjYtY2NiMGY4NjNiYjBi",
  "appid_tenantId": "da998f5e-c235-45e5-8d9d-692bf806bd3f",
  "machinelearning_apikey": "h2oRX4fuiTMtYj256m3pDVxj1Qa-MODf4ivrFZfnVGt8",
  "machinelearning_iam_apikey_description": "Auto-generated for key 3a6e0361-92d0-4685-9b01-4bade2e20d67",
  "machinelearning_iam_apikey_name": "a02eec8b-6bba-4785-81c9-c389de5bb23e",
  "machinelearning_iam_role_crn": "crn:v1:bluemix:public:iam::::serviceRole:Writer",
  "machinelearning_iam_serviceid_crn": "crn:v1:bluemix:public:iam-identity::a/867b3fe120ac4b29b81767d5b0554b7e::serviceid:ServiceId-4d62a2fa-5598-4e93-baf5-168b5923cf62",
  "machinelearning_instance_id": "a1da79dc-b277-460b-960a-83fe2be5c401",
  "machinelearning_url": "https://us-south.ml.cloud.ibm.com",
  "iotPlatform_apiKey": "a-djm24o-28mrlkxcwj",
  "iotPlatform_apiToken": "sOfe7xo54jB8GwTsSJ",
  "iotPlatform_http_host": "djm24o.internetofthings.ibmcloud.com",
  "iotPlatform_iotCredentialsIdentifier": "a2g6k39sl6r5",
  "iotPlatform_mqtt_host": "djm24o.messaging.internetofthings.ibmcloud.com",
  "iotPlatform_mqtt_s_port": 8883,
  "iotPlatform_mqtt_u_port": 1883,
  "iotPlatform_org": "djm24o"
}
