{
  "version": 1,
  "cloud_object_storage_apikey": {
    "searchPatterns": [
      "user-provided::apikey",
      "cloudfoundry:$['cloud-object-storage'][0].credentials.apikey",
      "env:service_cloud_object_storage:$.apikey",
      "env:cloud_object_storage_apikey",
      "file:/server/localdev-config.json:$.cloud_object_storage_apikey"
    ]
  },
  "cloud_object_storage": {
    "credentials": {
      "searchPatterns": [
        "user-provided::resource_instance_id",
        "cloudfoundry:cloud_object_storage",
        "env:cloud_object_storage_credentials",
        "file:/server/localdev-config.json:cloud_object_storage_credentials"
      ]
    }
  },
  "cloud_object_storage_endpoints": {
    "searchPatterns": [
      "user-provided::endpoints",
      "cloudfoundry:$['cloud-object-storage'][0].credentials.endpoints",
      "env:service_cloud_object_storage:$.endpoints",
      "env:cloud_object_storage_endpoints",
      "file:/server/localdev-config.json:$.cloud_object_storage_endpoints"
    ]
  },
  "cloud_object_storage_iam_apikey_description": {
    "searchPatterns": [
      "user-provided::iam_apikey_description",
      "cloudfoundry:$['cloud-object-storage'][0].credentials.iam_apikey_description",
      "env:service_cloud_object_storage:$.iam_apikey_description",
      "env:cloud_object_storage_iam_apikey_description",
      "file:/server/localdev-config.json:$.cloud_object_storage_iam_apikey_description"
    ]
  },
  "cloud_object_storage_iam_apikey_name": {
    "searchPatterns": [
      "user-provided::iam_apikey_name",
      "cloudfoundry:$['cloud-object-storage'][0].credentials.iam_apikey_name",
      "env:service_cloud_object_storage:$.iam_apikey_name",
      "env:cloud_object_storage_iam_apikey_name",
      "file:/server/localdev-config.json:$.cloud_object_storage_iam_apikey_name"
    ]
  },
  "cloud_object_storage_iam_role_crn": {
    "searchPatterns": [
      "user-provided::iam_role_crn",
      "cloudfoundry:$['cloud-object-storage'][0].credentials.iam_role_crn",
      "env:service_cloud_object_storage:$.iam_role_crn",
      "env:cloud_object_storage_iam_role_crn",
      "file:/server/localdev-config.json:$.cloud_object_storage_iam_role_crn"
    ]
  },
  "cloud_object_storage_iam_serviceid_crn": {
    "searchPatterns": [
      "user-provided::iam_serviceid_crn",
      "cloudfoundry:$['cloud-object-storage'][0].credentials.iam_serviceid_crn",
      "env:service_cloud_object_storage:$.iam_serviceid_crn",
      "env:cloud_object_storage_iam_serviceid_crn",
      "file:/server/localdev-config.json:$.cloud_object_storage_iam_serviceid_crn"
    ]
  },
  "cloud_object_storage_resource_instance_id": {
    "searchPatterns": [
      "user-provided::resource_instance_id",
      "cloudfoundry:$['cloud-object-storage'][0].credentials.resource_instance_id",
      "env:service_cloud_object_storage:$.resource_instance_id",
      "env:cloud_object_storage_resource_instance_id",
      "file:/server/localdev-config.json:$.cloud_object_storage_resource_instance_id"
    ]
  },
  "appid_apikey": {
    "searchPatterns": [
      "user-provided::apikey",
      "cloudfoundry:$['AppID'][0].credentials.apikey",
      "env:service_appid:$.apikey",
      "env:appid_apikey",
      "file:/server/localdev-config.json:$.appid_apikey"
    ]
  },
  "appid": {
    "credentials": {
      "searchPatterns": [
        "user-provided::tenantId",
        "cloudfoundry:appid",
        "env:appid_credentials",
        "file:/server/localdev-config.json:appid_credentials"
      ]
    }
  },
  "appid_appidServiceEndpoint": {
    "searchPatterns": [
      "user-provided::appidServiceEndpoint",
      "cloudfoundry:$['AppID'][0].credentials.appidServiceEndpoint",
      "env:service_appid:$.appidServiceEndpoint",
      "env:appid_appidServiceEndpoint",
      "file:/server/localdev-config.json:$.appid_appidServiceEndpoint"
    ]
  },
  "appid_clientId": {
    "searchPatterns": [
      "user-provided::clientId",
      "cloudfoundry:$['AppID'][0].credentials.clientId",
      "env:service_appid:$.clientId",
      "env:appid_clientId",
      "file:/server/localdev-config.json:$.appid_clientId"
    ]
  },
  "appid_discoveryEndpoint": {
    "searchPatterns": [
      "user-provided::discoveryEndpoint",
      "cloudfoundry:$['AppID'][0].credentials.discoveryEndpoint",
      "env:service_appid:$.discoveryEndpoint",
      "env:appid_discoveryEndpoint",
      "file:/server/localdev-config.json:$.appid_discoveryEndpoint"
    ]
  },
  "appid_iam_apikey_description": {
    "searchPatterns": [
      "user-provided::iam_apikey_description",
      "cloudfoundry:$['AppID'][0].credentials.iam_apikey_description",
      "env:service_appid:$.iam_apikey_description",
      "env:appid_iam_apikey_description",
      "file:/server/localdev-config.json:$.appid_iam_apikey_description"
    ]
  },
  "appid_iam_apikey_name": {
    "searchPatterns": [
      "user-provided::iam_apikey_name",
      "cloudfoundry:$['AppID'][0].credentials.iam_apikey_name",
      "env:service_appid:$.iam_apikey_name",
      "env:appid_iam_apikey_name",
      "file:/server/localdev-config.json:$.appid_iam_apikey_name"
    ]
  },
  "appid_iam_role_crn": {
    "searchPatterns": [
      "user-provided::iam_role_crn",
      "cloudfoundry:$['AppID'][0].credentials.iam_role_crn",
      "env:service_appid:$.iam_role_crn",
      "env:appid_iam_role_crn",
      "file:/server/localdev-config.json:$.appid_iam_role_crn"
    ]
  },
  "appid_iam_serviceid_crn": {
    "searchPatterns": [
      "user-provided::iam_serviceid_crn",
      "cloudfoundry:$['AppID'][0].credentials.iam_serviceid_crn",
      "env:service_appid:$.iam_serviceid_crn",
      "env:appid_iam_serviceid_crn",
      "file:/server/localdev-config.json:$.appid_iam_serviceid_crn"
    ]
  },
  "appid_managementUrl": {
    "searchPatterns": [
      "user-provided::managementUrl",
      "cloudfoundry:$['AppID'][0].credentials.managementUrl",
      "env:service_appid:$.managementUrl",
      "env:appid_managementUrl",
      "file:/server/localdev-config.json:$.appid_managementUrl"
    ]
  },
  "appid_oauthServerUrl": {
    "searchPatterns": [
      "user-provided::oauthServerUrl",
      "cloudfoundry:$['AppID'][0].credentials.oauthServerUrl",
      "env:service_appid:$.oauthServerUrl",
      "env:appid_oauthServerUrl",
      "file:/server/localdev-config.json:$.appid_oauthServerUrl"
    ]
  },
  "appid_profilesUrl": {
    "searchPatterns": [
      "user-provided::profilesUrl",
      "cloudfoundry:$['AppID'][0].credentials.profilesUrl",
      "env:service_appid:$.profilesUrl",
      "env:appid_profilesUrl",
      "file:/server/localdev-config.json:$.appid_profilesUrl"
    ]
  },
  "appid_secret": {
    "searchPatterns": [
      "user-provided::secret",
      "cloudfoundry:$['AppID'][0].credentials.secret",
      "env:service_appid:$.secret",
      "env:appid_secret",
      "file:/server/localdev-config.json:$.appid_secret"
    ]
  },
  "appid_tenantId": {
    "searchPatterns": [
      "user-provided::tenantId",
      "cloudfoundry:$['AppID'][0].credentials.tenantId",
      "env:service_appid:$.tenantId",
      "env:appid_tenantId",
      "file:/server/localdev-config.json:$.appid_tenantId"
    ]
  },
  "machinelearning_apikey": {
    "searchPatterns": [
      "user-provided::apikey",
      "cloudfoundry:$['machinelearning'][0].credentials.apikey",
      "env:service_machinelearning:$.apikey",
      "env:machinelearning_apikey",
      "file:/server/localdev-config.json:$.machinelearning_apikey"
    ]
  },
  "machinelearning": {
    "credentials": {
      "searchPatterns": [
        "user-provided::url",
        "cloudfoundry:machinelearning",
        "env:machinelearning_credentials",
        "file:/server/localdev-config.json:machinelearning_credentials"
      ]
    }
  },
  "machinelearning_iam_apikey_description": {
    "searchPatterns": [
      "user-provided::iam_apikey_description",
      "cloudfoundry:$['machinelearning'][0].credentials.iam_apikey_description",
      "env:service_machinelearning:$.iam_apikey_description",
      "env:machinelearning_iam_apikey_description",
      "file:/server/localdev-config.json:$.machinelearning_iam_apikey_description"
    ]
  },
  "machinelearning_iam_apikey_name": {
    "searchPatterns": [
      "user-provided::iam_apikey_name",
      "cloudfoundry:$['machinelearning'][0].credentials.iam_apikey_name",
      "env:service_machinelearning:$.iam_apikey_name",
      "env:machinelearning_iam_apikey_name",
      "file:/server/localdev-config.json:$.machinelearning_iam_apikey_name"
    ]
  },
  "machinelearning_iam_role_crn": {
    "searchPatterns": [
      "user-provided::iam_role_crn",
      "cloudfoundry:$['machinelearning'][0].credentials.iam_role_crn",
      "env:service_machinelearning:$.iam_role_crn",
      "env:machinelearning_iam_role_crn",
      "file:/server/localdev-config.json:$.machinelearning_iam_role_crn"
    ]
  },
  "machinelearning_iam_serviceid_crn": {
    "searchPatterns": [
      "user-provided::iam_serviceid_crn",
      "cloudfoundry:$['machinelearning'][0].credentials.iam_serviceid_crn",
      "env:service_machinelearning:$.iam_serviceid_crn",
      "env:machinelearning_iam_serviceid_crn",
      "file:/server/localdev-config.json:$.machinelearning_iam_serviceid_crn"
    ]
  },
  "machinelearning_instance_id": {
    "searchPatterns": [
      "user-provided::instance_id",
      "cloudfoundry:$['machinelearning'][0].credentials.instance_id",
      "env:service_machinelearning:$.instance_id",
      "env:machinelearning_instance_id",
      "file:/server/localdev-config.json:$.machinelearning_instance_id"
    ]
  },
  "machinelearning_url": {
    "searchPatterns": [
      "user-provided::url",
      "cloudfoundry:$['machinelearning'][0].credentials.url",
      "env:service_machinelearning:$.url",
      "env:machinelearning_url",
      "file:/server/localdev-config.json:$.machinelearning_url"
    ]
  },
  "iotPlatform_apiKey": {
    "searchPatterns": [
      "user-provided::apiKey",
      "cloudfoundry:$['iotPlatform'][0].credentials.apiKey",
      "env:service_iotPlatform:$.apiKey",
      "env:iotPlatform_apiKey",
      "file:/server/localdev-config.json:$.iotPlatform_apiKey"
    ]
  },
  "iotPlatform": {
    "credentials": {
      "searchPatterns": [
        "user-provided::org",
        "cloudfoundry:iotPlatform",
        "env:iotPlatform_credentials",
        "file:/server/localdev-config.json:iotPlatform_credentials"
      ]
    }
  },
  "iotPlatform_apiToken": {
    "searchPatterns": [
      "user-provided::apiToken",
      "cloudfoundry:$['iotPlatform'][0].credentials.apiToken",
      "env:service_iotPlatform:$.apiToken",
      "env:iotPlatform_apiToken",
      "file:/server/localdev-config.json:$.iotPlatform_apiToken"
    ]
  },
  "iotPlatform_http_host": {
    "searchPatterns": [
      "user-provided::http_host",
      "cloudfoundry:$['iotPlatform'][0].credentials.http_host",
      "env:service_iotPlatform:$.http_host",
      "env:iotPlatform_http_host",
      "file:/server/localdev-config.json:$.iotPlatform_http_host"
    ]
  },
  "iotPlatform_iotCredentialsIdentifier": {
    "searchPatterns": [
      "user-provided::iotCredentialsIdentifier",
      "cloudfoundry:$['iotPlatform'][0].credentials.iotCredentialsIdentifier",
      "env:service_iotPlatform:$.iotCredentialsIdentifier",
      "env:iotPlatform_iotCredentialsIdentifier",
      "file:/server/localdev-config.json:$.iotPlatform_iotCredentialsIdentifier"
    ]
  },
  "iotPlatform_mqtt_host": {
    "searchPatterns": [
      "user-provided::mqtt_host",
      "cloudfoundry:$['iotPlatform'][0].credentials.mqtt_host",
      "env:service_iotPlatform:$.mqtt_host",
      "env:iotPlatform_mqtt_host",
      "file:/server/localdev-config.json:$.iotPlatform_mqtt_host"
    ]
  },
  "iotPlatform_mqtt_s_port": {
    "searchPatterns": [
      "user-provided::mqtt_s_port",
      "cloudfoundry:$['iotPlatform'][0].credentials.mqtt_s_port",
      "env:service_iotPlatform:$.mqtt_s_port",
      "env:iotPlatform_mqtt_s_port",
      "file:/server/localdev-config.json:$.iotPlatform_mqtt_s_port"
    ]
  },
  "iotPlatform_mqtt_u_port": {
    "searchPatterns": [
      "user-provided::mqtt_u_port",
      "cloudfoundry:$['iotPlatform'][0].credentials.mqtt_u_port",
      "env:service_iotPlatform:$.mqtt_u_port",
      "env:iotPlatform_mqtt_u_port",
      "file:/server/localdev-config.json:$.iotPlatform_mqtt_u_port"
    ]
  },
  "iotPlatform_org": {
    "searchPatterns": [
      "user-provided::org",
      "cloudfoundry:$['iotPlatform'][0].credentials.org",
      "env:service_iotPlatform:$.org",
      "env:iotPlatform_org",
      "file:/server/localdev-config.json:$.iotPlatform_org"
    ]
  }
}
